<?xml version="1.0" encoding="utf-8"?>
<Configuration xmlns:xsd="http://www.w3.org/2001/XMLSchema" xmlns:xsi="http://www.w3.org/2001/XMLSchema-instance">
	<Meta>
		<Version>2.57</Version>
		<PreferUserConfiguration>false</PreferUserConfiguration>
		<OmitItemsWithDefaultValues>true</OmitItemsWithDefaultValues>
		<DpiFactorX>1</DpiFactorX>
		<DpiFactorY>1</DpiFactorY>
	</Meta>
	<Application>
		<LanguageFile>Chinese_Simplified.lngx</LanguageFile>
		<LastUpdateCheck>2025-06-10T02:13:19Z</LastUpdateCheck>
		<LastUsedFile>
			<Path>db2024.kdbx</Path>
			<CredProtMode>Obf</CredProtMode>
			<CredSaveMode>NoSave</CredSaveMode>
		</LastUsedFile>
		<MostRecentlyUsed>
			<MaxItemCount>12</MaxItemCount>
			<Items>
				<ConnectionInfo>
					<Path>db2024.kdbx</Path>
					<CredProtMode>Obf</CredProtMode>
					<CredSaveMode>NoSave</CredSaveMode>
				</ConnectionInfo>
			</Items>
		</MostRecentlyUsed>
		<WorkingDirectories>
			<Item>Database@..\KeePass-2.57</Item>
			<Item>Export@C:\Users\Administrator\Documents</Item>
		</WorkingDirectories>
		<Start>
			<CheckForUpdate>true</CheckForUpdate>
			<CheckForUpdateConfigured>true</CheckForUpdateConfigured>
		</Start>
		<FileOpening />
		<UseTransactedFileWrites>false</UseTransactedFileWrites>
		<FileClosing>
			<AutoSave>true</AutoSave>
		</FileClosing>
		<TriggerSystem>
			<Triggers />
		</TriggerSystem>
		<PluginCompatibility>
			<Item>@pRfd5BF2Sthduhmkdph3EofslReZfgclluQ0watokHk=@2.57.0.21656@1</Item>
			<Item>@Mong8E0HOgDs3zwKqLoYLSeTiGdHXnci8VFEDLFI5s0=@2.57.0.21656@1</Item>
		</PluginCompatibility>
	</Application>
	<Logging />
	<MainWindow>
		<X>358</X>
		<Y>240</Y>
		<Width>670</Width>
		<Height>488</Height>
		<Maximized>true</Maximized>
		<SplitterHorizontalFrac>0.68124999999999991</SplitterHorizontalFrac>
		<SplitterVerticalFrac>0.25</SplitterVerticalFrac>
		<Layout>SideBySide</Layout>
		<ToolBar />
		<EntryView />
		<TanView />
		<EntryListColumnCollection>
			<Column>
				<Type>Title</Type>
				<Width>126</Width>
			</Column>
			<Column>
				<Type>UserName</Type>
				<Width>219</Width>
			</Column>
			<Column>
				<Type>Password</Type>
				<Width>90</Width>
				<HideWithAsterisks>true</HideWithAsterisks>
			</Column>
			<Column>
				<Type>Url</Type>
				<Width>191</Width>
			</Column>
			<Column>
				<Type>Notes</Type>
				<Width>90</Width>
			</Column>
		</EntryListColumnCollection>
		<EntryListColumnDisplayOrder>0 1 2 3 4</EntryListColumnDisplayOrder>
		<ListSorting>
			<Column>1</Column>
			<Order>Descending</Order>
		</ListSorting>
	</MainWindow>
	<UI>
		<TrayIcon />
		<Hiding />
		<StandardFont>
			<Family>宋体</Family>
			<Size>9</Size>
			<GraphicsUnit>Point</GraphicsUnit>
			<OverrideUIDefault>false</OverrideUIDefault>
		</StandardFont>
		<PasswordFont>
			<Family>Courier New</Family>
			<Size>9</Size>
			<GraphicsUnit>Point</GraphicsUnit>
			<OverrideUIDefault>false</OverrideUIDefault>
		</PasswordFont>
		<BannerStyle>Dark</BannerStyle>
		<DataEditorFont>
			<Family>Microsoft Sans Serif</Family>
			<Size>8.25</Size>
			<GraphicsUnit>Point</GraphicsUnit>
			<OverrideUIDefault>false</OverrideUIDefault>
		</DataEditorFont>
		<UIFlags>0</UIFlags>
		<KeyCreationFlags>0</KeyCreationFlags>
		<KeyPromptFlags>0</KeyPromptFlags>
	</UI>
	<Security>
		<WorkspaceLocking>
			<LockOnSessionSwitch>true</LockOnSessionSwitch>
			<LockOnSuspend>true</LockOnSuspend>
			<LockOnRemoteControlChange>true</LockOnRemoteControlChange>
			<LockAfterTime>0</LockAfterTime>
			<LockAfterGlobalTime>240</LockAfterGlobalTime>
		</WorkspaceLocking>
		<Policy />
		<MasterPassword>
			<MinimumLength>0</MinimumLength>
			<MinimumQuality>0</MinimumQuality>
		</MasterPassword>
	</Security>
	<Native />
	<PasswordGenerator>
		<AutoGeneratedPasswordsProfile>
			<GeneratorType>CharSet</GeneratorType>
			<Length>20</Length>
			<CharSetRanges>ULD_______</CharSetRanges>
		</AutoGeneratedPasswordsProfile>
		<UserProfiles />
	</PasswordGenerator>
	<Search>
		<LastUsedProfile>
			<SearchMode>Simple</SearchMode>
			<ComparisonMode>InvariantCultureIgnoreCase</ComparisonMode>
		</LastUsedProfile>
		<UserProfiles />
	</Search>
	<Defaults>
		<OptionsTabIndex>0</OptionsTabIndex>
		<RememberKeySources>false</RememberKeySources>
		<KeySources />
		<Duplication />
		<Print>
			<MainFont>
				<Family>Microsoft Sans Serif</Family>
				<Size>8.25</Size>
				<GraphicsUnit>Point</GraphicsUnit>
				<OverrideUIDefault>false</OverrideUIDefault>
			</MainFont>
			<PasswordFont>
				<Family>Courier New</Family>
				<Size>8.25</Size>
				<GraphicsUnit>Point</GraphicsUnit>
				<OverrideUIDefault>false</OverrideUIDefault>
			</PasswordFont>
		</Print>
		<ExportPostOpen>true</ExportPostOpen>
		<ExportPostShow>true</ExportPostShow>
	</Defaults>
	<Integration>
		<UrlSchemeOverrides>
			<BuiltInOverridesEnabled>0</BuiltInOverridesEnabled>
			<CustomOverrides />
		</UrlSchemeOverrides>
		<AutoTypeAbortOnWindows />
	</Integration>
	<Custom>
		<Item>
			<Key>KPEnhancedEntryView.FieldNotesSplit</Key>
			<Value>7777777</Value>
		</Item>
		<Item>
			<Key>KPEnhancedEntryView.NotesAttachmentsSplit</Key>
			<Value>7036011</Value>
		</Item>
		<Item>
			<Key>AutoTypeSearchExt.WindowPosition</Key>
			<Value>0, 0, 0, 0</Value>
		</Item>
	</Custom>
</Configuration>